Country	FundingAgency	FundingAmount	Year
South Korea	World Bank	$1,234,567	2023
S.Korea	Asian Development Bank	USD 200 000	2023
Republic of Korea	UN Development Programme	500000	2024
South Korea	UNDP	320000	2023
North Korea	World Food Programme	$750,000	2023
N. Korea	UN Development Programme	USD 300 000.50	2024
DPRK	World Food Programme	(45,000)	2023
USA	USAID	$12,500,000	2024
France	European Union	2 000 000	2024
Germany	European Union	1 800 000	2023
Japan	Asian Development Bank	900000	2024
United Kingdom	World Bank	-$250,000	2023
India	Green Climate Fund	1500000	2024
Brazil	World Food Programme	450 000	2023
Kenya	WHO	n/a	2024
